store,clients,route,sample,latency_ms,status
sqlite,1,/api/settings,0,25.149,200
sqlite,1,/api/settings,1,2.771,200
sqlite,1,/api/settings,2,2.729,200
sqlite,1,/api/settings,3,2.464,200
sqlite,1,/api/settings,4,2.341,200
sqlite,1,/api/settings,5,2.389,200
sqlite,1,/api/settings,6,2.431,200
sqlite,1,/api/settings,7,2.198,200
sqlite,1,/api/settings,8,2.2,200
sqlite,1,/api/settings,9,2.612,200
sqlite,1,/api/settings,10,2.261,200
sqlite,1,/api/settings,11,2.281,200
sqlite,1,/api/settings,12,2.348,200
sqlite,1,/api/settings,13,2.2,200
sqlite,1,/api/settings,14,2.059,200
sqlite,1,/api/settings,15,2.042,200
sqlite,1,/api/settings,16,2.001,200
sqlite,1,/api/settings,17,1.968,200
sqlite,1,/api/settings,18,2.008,200
sqlite,1,/api/settings,19,2.276,200
sqlite,1,/api/settings,20,2.184,200
sqlite,1,/api/settings,21,2.207,200
sqlite,1,/api/settings,22,2.117,200
sqlite,1,/api/settings,23,2.363,200
sqlite,1,/api/settings,24,2.051,200
sqlite,1,/api/settings,25,2.096,200
sqlite,1,/api/settings,26,2.447,200
sqlite,1,/api/settings,27,2.091,200
sqlite,1,/api/settings,28,2.255,200
sqlite,1,/api/settings,29,2.397,200
sqlite,1,/api/settings,30,2.114,200
sqlite,1,/api/settings,31,2.124,200
sqlite,1,/api/queue/today,0,94.568,200
sqlite,1,/api/queue/today,1,48.39,200
sqlite,1,/api/queue/today,2,48.943,200
sqlite,1,/api/queue/today,3,52.345,200
sqlite,1,/api/queue/today,4,49.722,200
sqlite,1,/api/queue/today,5,47.691,200
sqlite,1,/api/queue/today,6,47.627,200
sqlite,1,/api/queue/today,7,47.695,200
sqlite,1,/api/queue/today,8,47.545,200
sqlite,1,/api/queue/today,9,48.07,200
sqlite,1,/api/queue/today,10,47.485,200
sqlite,1,/api/queue/today,11,46.426,200
sqlite,1,/api/queue/today,12,47.344,200
sqlite,1,/api/queue/today,13,47.128,200
sqlite,1,/api/queue/today,14,46.877,200
sqlite,1,/api/queue/today,15,46.84,200
sqlite,1,/api/queue/today,16,47.432,200
sqlite,1,/api/queue/today,17,46.96,200
sqlite,1,/api/queue/today,18,47.119,200
sqlite,1,/api/queue/today,19,46.969,200
sqlite,1,/api/queue/today,20,47.293,200
sqlite,1,/api/queue/today,21,47.061,200
sqlite,1,/api/queue/today,22,46.901,200
sqlite,1,/api/queue/today,23,47.291,200
sqlite,1,/api/queue/today,24,48.359,200
sqlite,1,/api/queue/today,25,46.999,200
sqlite,1,/api/queue/today,26,47.105,200
sqlite,1,/api/queue/today,27,47.247,200
sqlite,1,/api/queue/today,28,46.322,200
sqlite,1,/api/queue/today,29,46.578,200
sqlite,1,/api/queue/today,30,46.547,200
sqlite,1,/api/queue/today,31,47.641,200
sqlite,1,/api/games/summary,0,111.203,200
sqlite,1,/api/games/summary,1,11.478,200
sqlite,1,/api/games/summary,2,11.679,200
sqlite,1,/api/games/summary,3,10.725,200
sqlite,1,/api/games/summary,4,9.752,200
sqlite,1,/api/games/summary,5,10.268,200
sqlite,1,/api/games/summary,6,10.261,200
sqlite,1,/api/games/summary,7,9.242,200
sqlite,1,/api/games/summary,8,9.778,200
sqlite,1,/api/games/summary,9,9.252,200
sqlite,1,/api/games/summary,10,9.727,200
sqlite,1,/api/games/summary,11,9.349,200
sqlite,1,/api/games/summary,12,9.779,200
sqlite,1,/api/games/summary,13,10.297,200
sqlite,1,/api/games/summary,14,9.483,200
sqlite,1,/api/games/summary,15,10.002,200
sqlite,1,/api/games/summary,16,9.692,200
sqlite,1,/api/games/summary,17,9.924,200
sqlite,1,/api/games/summary,18,10.208,200
sqlite,1,/api/games/summary,19,9.467,200
sqlite,1,/api/games/summary,20,10.109,200
sqlite,1,/api/games/summary,21,9.931,200
sqlite,1,/api/games/summary,22,9.704,200
sqlite,1,/api/games/summary,23,10.548,200
sqlite,1,/api/games/summary,24,10.199,200
sqlite,1,/api/games/summary,25,10.29,200
sqlite,1,/api/games/summary,26,10.453,200
sqlite,1,/api/games/summary,27,9.579,200
sqlite,1,/api/games/summary,28,10.521,200
sqlite,1,/api/games/summary,29,9.578,200
sqlite,1,/api/games/summary,30,10.205,200
sqlite,1,/api/games/summary,31,10.236,200
sqlite,4,/api/settings,2,11.927,200
sqlite,4,/api/settings,0,12.476,200
sqlite,4,/api/settings,1,12.828,200
sqlite,4,/api/settings,3,12.574,200
sqlite,4,/api/settings,7,10.549,200
sqlite,4,/api/settings,4,12.726,200
sqlite,4,/api/settings,5,12.581,200
sqlite,4,/api/settings,6,12.121,200
sqlite,4,/api/settings,8,3.373,200
sqlite,4,/api/settings,10,11.249,200
sqlite,4,/api/settings,11,11.167,200
sqlite,4,/api/settings,12,10.157,200
sqlite,4,/api/settings,9,12.223,200
sqlite,4,/api/settings,14,12.033,200
sqlite,4,/api/settings,13,12.34,200
sqlite,4,/api/settings,16,12.32,200
sqlite,4,/api/settings,15,12.553,200
sqlite,4,/api/settings,20,10.831,200
sqlite,4,/api/settings,19,11.704,200
sqlite,4,/api/settings,17,13.258,200
sqlite,4,/api/settings,18,13.45,200
sqlite,4,/api/settings,21,9.047,200
sqlite,4,/api/settings,23,10.571,200
sqlite,4,/api/settings,24,10.987,200
sqlite,4,/api/settings,22,12.527,200
sqlite,4,/api/settings,25,7.539,200
sqlite,4,/api/settings,26,9.971,200
sqlite,4,/api/settings,27,10.674,200
sqlite,4,/api/settings,28,11.005,200
sqlite,4,/api/settings,29,9.394,200
sqlite,4,/api/settings,30,6.974,200
sqlite,4,/api/settings,31,5.747,200
sqlite,4,/api/queue/today,0,195.436,200
sqlite,4,/api/queue/today,2,195.566,200
sqlite,4,/api/queue/today,3,195.473,200
sqlite,4,/api/queue/today,1,195.873,200
sqlite,4,/api/queue/today,7,193.509,200
sqlite,4,/api/queue/today,4,195.165,200
sqlite,4,/api/queue/today,6,194.271,200
sqlite,4,/api/queue/today,5,195.521,200
sqlite,4,/api/queue/today,11,201.508,200
sqlite,4,/api/queue/today,10,202.663,200
sqlite,4,/api/queue/today,8,203.945,200
sqlite,4,/api/queue/today,9,203.189,200
sqlite,4,/api/queue/today,15,196.984,200
sqlite,4,/api/queue/today,12,198.648,200
sqlite,4,/api/queue/today,13,197.962,200
sqlite,4,/api/queue/today,14,197.829,200
sqlite,4,/api/queue/today,19,196.106,200
sqlite,4,/api/queue/today,18,196.899,200
sqlite,4,/api/queue/today,16,197.986,200
sqlite,4,/api/queue/today,17,197.267,200
sqlite,4,/api/queue/today,22,197.912,200
sqlite,4,/api/queue/today,20,199.145,200
sqlite,4,/api/queue/today,21,198.313,200
sqlite,4,/api/queue/today,23,198.796,200
sqlite,4,/api/queue/today,27,196.542,200
sqlite,4,/api/queue/today,24,198.185,200
sqlite,4,/api/queue/today,26,197.659,200
sqlite,4,/api/queue/today,25,197.911,200
sqlite,4,/api/queue/today,31,200.54,200
sqlite,4,/api/queue/today,30,200.895,200
sqlite,4,/api/queue/today,29,201.254,200
sqlite,4,/api/queue/today,28,202.136,200
sqlite,4,/api/games/summary,1,41.079,200
sqlite,4,/api/games/summary,3,43.178,200
sqlite,4,/api/games/summary,2,44.48,200
sqlite,4,/api/games/summary,0,45.597,200
sqlite,4,/api/games/summary,4,16.367,200
sqlite,4,/api/games/summary,5,35.148,200
sqlite,4,/api/games/summary,6,36.042,200
sqlite,4,/api/games/summary,7,35.498,200
sqlite,4,/api/games/summary,8,25.943,200
sqlite,4,/api/games/summary,9,29.563,200
sqlite,4,/api/games/summary,10,41.298,200
sqlite,4,/api/games/summary,11,41.089,200
sqlite,4,/api/games/summary,12,40.052,200
sqlite,4,/api/games/summary,13,19.436,200
sqlite,4,/api/games/summary,16,37.206,200
sqlite,4,/api/games/summary,15,42.356,200
sqlite,4,/api/games/summary,17,36.677,200
sqlite,4,/api/games/summary,14,43.976,200
sqlite,4,/api/games/summary,18,13.647,200
sqlite,4,/api/games/summary,21,39.856,200
sqlite,4,/api/games/summary,19,43.084,200
sqlite,4,/api/games/summary,20,43.48,200
sqlite,4,/api/games/summary,22,35.27,200
sqlite,4,/api/games/summary,23,16.011,200
sqlite,4,/api/games/summary,26,35.434,200
sqlite,4,/api/games/summary,25,38.432,200
sqlite,4,/api/games/summary,24,40.178,200
sqlite,4,/api/games/summary,27,26.993,200
sqlite,4,/api/games/summary,28,14.556,200
sqlite,4,/api/games/summary,31,30.538,200
sqlite,4,/api/games/summary,29,32.505,200
sqlite,4,/api/games/summary,30,31.541,200
sqlite,16,/api/settings,2,37.294,200
sqlite,16,/api/settings,6,51.415,200
sqlite,16,/api/settings,0,54.127,200
sqlite,16,/api/settings,8,53.951,200
sqlite,16,/api/settings,1,56.935,200
sqlite,16,/api/settings,11,56.471,200
sqlite,16,/api/settings,3,58.593,200
sqlite,16,/api/settings,5,58.361,200
sqlite,16,/api/settings,7,58.13,200
sqlite,16,/api/settings,13,57.95,200
sqlite,16,/api/settings,12,59.567,200
sqlite,16,/api/settings,9,60.838,200
sqlite,16,/api/settings,14,60.157,200
sqlite,16,/api/settings,10,61.041,200
sqlite,16,/api/settings,4,64.019,200
sqlite,16,/api/settings,15,61.957,200
sqlite,16,/api/settings,16,44.262,200
sqlite,16,/api/settings,17,43.53,200
sqlite,16,/api/settings,18,44.903,200
sqlite,16,/api/settings,19,44.33,200
sqlite,16,/api/settings,20,47.279,200
sqlite,16,/api/settings,22,47.572,200
sqlite,16,/api/settings,24,47.79,200
sqlite,16,/api/settings,21,49.767,200
sqlite,16,/api/settings,25,48.078,200
sqlite,16,/api/settings,23,50.023,200
sqlite,16,/api/settings,29,46.172,200
sqlite,16,/api/settings,28,46.86,200
sqlite,16,/api/settings,27,47.901,200
sqlite,16,/api/settings,26,49.319,200
sqlite,16,/api/settings,30,46.246,200
sqlite,16,/api/settings,31,45.978,200
sqlite,16,/api/queue/today,13,884.431,200
sqlite,16,/api/queue/today,14,959.707,200
sqlite,16,/api/queue/today,12,1052.66,200
sqlite,16,/api/queue/today,10,1054.787,200
sqlite,16,/api/queue/today,2,1112.355,200
sqlite,16,/api/queue/today,15,1182.368,200
sqlite,16,/api/queue/today,9,1426.553,200
sqlite,16,/api/queue/today,1,1435.629,200
sqlite,16,/api/queue/today,5,1436.766,200
sqlite,16,/api/queue/today,8,1438.74,200
sqlite,16,/api/queue/today,11,1438.39,200
sqlite,16,/api/queue/today,7,1497.805,200
sqlite,16,/api/queue/today,6,1587.417,200
sqlite,16,/api/queue/today,0,1588.606,200
sqlite,16,/api/queue/today,3,1588.038,200
sqlite,16,/api/queue/today,4,1624.731,200
sqlite,16,/api/queue/today,16,2030.649,200
sqlite,16,/api/queue/today,17,2024.939,200
sqlite,16,/api/queue/today,18,1984.116,200
sqlite,16,/api/queue/today,19,2026.143,200
sqlite,16,/api/queue/today,31,1529.593,200
sqlite,16,/api/queue/today,26,1782.229,200
sqlite,16,/api/queue/today,27,1820.836,200
sqlite,16,/api/queue/today,21,2193.711,200
sqlite,16,/api/queue/today,20,2265.572,200
sqlite,16,/api/queue/today,29,1818.756,200
sqlite,16,/api/queue/today,23,2009.786,200
sqlite,16,/api/queue/today,28,2047.659,200
sqlite,16,/api/queue/today,24,2198.444,200
sqlite,16,/api/queue/today,22,2201.549,200
sqlite,16,/api/queue/today,25,2196.14,200
sqlite,16,/api/queue/today,30,2044.565,200
sqlite,16,/api/games/summary,8,202.758,200
sqlite,16,/api/games/summary,7,245.314,200
sqlite,16,/api/games/summary,9,257.058,200
sqlite,16,/api/games/summary,2,263.399,200
sqlite,16,/api/games/summary,1,263.843,200
sqlite,16,/api/games/summary,14,269.537,200
sqlite,16,/api/games/summary,6,270.872,200
sqlite,16,/api/games/summary,4,275.943,200
sqlite,16,/api/games/summary,3,276.218,200
sqlite,16,/api/games/summary,12,275.211,200
sqlite,16,/api/games/summary,13,275.245,200
sqlite,16,/api/games/summary,5,276.545,200
sqlite,16,/api/games/summary,0,285.142,200
sqlite,16,/api/games/summary,15,282.781,200
sqlite,16,/api/games/summary,11,283.468,200
sqlite,16,/api/games/summary,10,287.14,200
sqlite,16,/api/games/summary,17,70.538,200
sqlite,16,/api/games/summary,16,118.147,200
sqlite,16,/api/games/summary,20,246.953,200
sqlite,16,/api/games/summary,19,251.843,200
sqlite,16,/api/games/summary,18,280.907,200
sqlite,16,/api/games/summary,26,296.471,200
sqlite,16,/api/games/summary,22,304.696,200
sqlite,16,/api/games/summary,27,304.305,200
sqlite,16,/api/games/summary,24,305.987,200
sqlite,16,/api/games/summary,21,314.311,200
sqlite,16,/api/games/summary,25,311.111,200
sqlite,16,/api/games/summary,23,317.978,200
sqlite,16,/api/games/summary,28,312.586,200
sqlite,16,/api/games/summary,30,314.441,200
sqlite,16,/api/games/summary,31,312.295,200
sqlite,16,/api/games/summary,29,315.385,200
postgres,1,/api/settings,0,62.078,200
postgres,1,/api/settings,1,8.887,200
postgres,1,/api/settings,2,6.106,200
postgres,1,/api/settings,3,5.265,200
postgres,1,/api/settings,4,4.84,200
postgres,1,/api/settings,5,6.343,200
postgres,1,/api/settings,6,6.014,200
postgres,1,/api/settings,7,6.46,200
postgres,1,/api/settings,8,5.15,200
postgres,1,/api/settings,9,4.75,200
postgres,1,/api/settings,10,6.276,200
postgres,1,/api/settings,11,6.304,200
postgres,1,/api/settings,12,5.579,200
postgres,1,/api/settings,13,7.64,200
postgres,1,/api/settings,14,5.082,200
postgres,1,/api/settings,15,4.043,200
postgres,1,/api/settings,16,7.817,200
postgres,1,/api/settings,17,3.998,200
postgres,1,/api/settings,18,4.421,200
postgres,1,/api/settings,19,7.762,200
postgres,1,/api/settings,20,4.326,200
postgres,1,/api/settings,21,4.042,200
postgres,1,/api/settings,22,7.256,200
postgres,1,/api/settings,23,6.235,200
postgres,1,/api/settings,24,4.33,200
postgres,1,/api/settings,25,6.643,200
postgres,1,/api/settings,26,3.908,200
postgres,1,/api/settings,27,4.114,200
postgres,1,/api/settings,28,8.306,200
postgres,1,/api/settings,29,5.035,200
postgres,1,/api/settings,30,4.643,200
postgres,1,/api/settings,31,6.528,200
postgres,1,/api/queue/today,0,240.753,200
postgres,1,/api/queue/today,1,141.154,200
postgres,1,/api/queue/today,2,262.078,200
postgres,1,/api/queue/today,3,142.628,200
postgres,1,/api/queue/today,4,97.411,200
postgres,1,/api/queue/today,5,92.164,200
postgres,1,/api/queue/today,6,106.049,200
postgres,1,/api/queue/today,7,141.776,200
postgres,1,/api/queue/today,8,151.276,200
postgres,1,/api/queue/today,9,105.704,200
postgres,1,/api/queue/today,10,92.529,200
postgres,1,/api/queue/today,11,119.43,200
postgres,1,/api/queue/today,12,131.131,200
postgres,1,/api/queue/today,13,122.033,200
postgres,1,/api/queue/today,14,105.678,200
postgres,1,/api/queue/today,15,117.066,200
postgres,1,/api/queue/today,16,146.511,200
postgres,1,/api/queue/today,17,148.742,200
postgres,1,/api/queue/today,18,93.953,200
postgres,1,/api/queue/today,19,78.154,200
postgres,1,/api/queue/today,20,78.839,200
postgres,1,/api/queue/today,21,88.365,200
postgres,1,/api/queue/today,22,87.124,200
postgres,1,/api/queue/today,23,91.479,200
postgres,1,/api/queue/today,24,101.395,200
postgres,1,/api/queue/today,25,102.873,200
postgres,1,/api/queue/today,26,102.597,200
postgres,1,/api/queue/today,27,96.879,200
postgres,1,/api/queue/today,28,76.412,200
postgres,1,/api/queue/today,29,79.484,200
postgres,1,/api/queue/today,30,97.965,200
postgres,1,/api/queue/today,31,603.402,200
postgres,1,/api/games/summary,0,82.992,200
postgres,1,/api/games/summary,1,19.253,200
postgres,1,/api/games/summary,2,17.476,200
postgres,1,/api/games/summary,3,16.022,200
postgres,1,/api/games/summary,4,15.676,200
postgres,1,/api/games/summary,5,14.647,200
postgres,1,/api/games/summary,6,13.869,200
postgres,1,/api/games/summary,7,11.566,200
postgres,1,/api/games/summary,8,12.703,200
postgres,1,/api/games/summary,9,12.482,200
postgres,1,/api/games/summary,10,13.6,200
postgres,1,/api/games/summary,11,11.455,200
postgres,1,/api/games/summary,12,9.634,200
postgres,1,/api/games/summary,13,10.736,200
postgres,1,/api/games/summary,14,9.441,200
postgres,1,/api/games/summary,15,10.222,200
postgres,1,/api/games/summary,16,9.154,200
postgres,1,/api/games/summary,17,9.766,200
postgres,1,/api/games/summary,18,8.498,200
postgres,1,/api/games/summary,19,9.558,200
postgres,1,/api/games/summary,20,10.349,200
postgres,1,/api/games/summary,21,8.525,200
postgres,1,/api/games/summary,22,10.942,200
postgres,1,/api/games/summary,23,9.289,200
postgres,1,/api/games/summary,24,10.015,200
postgres,1,/api/games/summary,25,10.077,200
postgres,1,/api/games/summary,26,9.069,200
postgres,1,/api/games/summary,27,10.652,200
postgres,1,/api/games/summary,28,9.209,200
postgres,1,/api/games/summary,29,9.842,200
postgres,1,/api/games/summary,30,9.523,200
postgres,1,/api/games/summary,31,10.658,200
postgres,4,/api/settings,3,6.793,200
postgres,4,/api/settings,1,7.39,200
postgres,4,/api/settings,2,10.11,200
postgres,4,/api/settings,0,11.435,200
postgres,4,/api/settings,4,6.089,200
postgres,4,/api/settings,5,7.053,200
postgres,4,/api/settings,6,6.621,200
postgres,4,/api/settings,7,7.351,200
postgres,4,/api/settings,8,6.596,200
postgres,4,/api/settings,10,6.402,200
postgres,4,/api/settings,9,8.821,200
postgres,4,/api/settings,11,7.361,200
postgres,4,/api/settings,12,6.254,200
postgres,4,/api/settings,13,5.409,200
postgres,4,/api/settings,14,5.222,200
postgres,4,/api/settings,15,5.681,200
postgres,4,/api/settings,16,5.62,200
postgres,4,/api/settings,18,4.752,200
postgres,4,/api/settings,17,6.688,200
postgres,4,/api/settings,19,6.876,200
postgres,4,/api/settings,20,6.136,200
postgres,4,/api/settings,21,6.613,200
postgres,4,/api/settings,22,6.196,200
postgres,4,/api/settings,24,5.554,200
postgres,4,/api/settings,23,7.685,200
postgres,4,/api/settings,25,6.392,200
postgres,4,/api/settings,26,8.242,200
postgres,4,/api/settings,27,6.644,200
postgres,4,/api/settings,28,6.196,200
postgres,4,/api/settings,29,6.532,200
postgres,4,/api/settings,30,5.259,200
postgres,4,/api/settings,31,4.434,200
postgres,4,/api/queue/today,3,330.437,200
postgres,4,/api/queue/today,2,331.684,200
postgres,4,/api/queue/today,0,332.466,200
postgres,4,/api/queue/today,1,332.173,200
postgres,4,/api/queue/today,7,265.348,200
postgres,4,/api/queue/today,6,266.536,200
postgres,4,/api/queue/today,5,267.135,200
postgres,4,/api/queue/today,4,268.64,200
postgres,4,/api/queue/today,9,219.455,200
postgres,4,/api/queue/today,10,219.781,200
postgres,4,/api/queue/today,8,221.929,200
postgres,4,/api/queue/today,11,220.781,200
postgres,4,/api/queue/today,12,277.271,200
postgres,4,/api/queue/today,14,276.562,200
postgres,4,/api/queue/today,13,277.289,200
postgres,4,/api/queue/today,15,276.311,200
postgres,4,/api/queue/today,17,226.887,200
postgres,4,/api/queue/today,16,228.808,200
postgres,4,/api/queue/today,19,227.366,200
postgres,4,/api/queue/today,18,260.015,200
postgres,4,/api/queue/today,20,234.814,200
postgres,4,/api/queue/today,21,241.972,200
postgres,4,/api/queue/today,22,241.997,200
postgres,4,/api/queue/today,23,257.881,200
postgres,4,/api/queue/today,24,227.083,200
postgres,4,/api/queue/today,25,233.429,200
postgres,4,/api/queue/today,26,232.827,200
postgres,4,/api/queue/today,27,231.81,200
postgres,4,/api/queue/today,28,239.777,200
postgres,4,/api/queue/today,29,235.291,200
postgres,4,/api/queue/today,30,235.165,200
postgres,4,/api/queue/today,31,241.47,200
postgres,4,/api/games/summary,3,17.235,200
postgres,4,/api/games/summary,2,18.119,200
postgres,4,/api/games/summary,0,20.862,200
postgres,4,/api/games/summary,1,21.794,200
postgres,4,/api/games/summary,4,15.812,200
postgres,4,/api/games/summary,5,15.543,200
postgres,4,/api/games/summary,6,17.041,200
postgres,4,/api/games/summary,7,18.031,200
postgres,4,/api/games/summary,8,15.477,200
postgres,4,/api/games/summary,9,15.604,200
postgres,4,/api/games/summary,10,14.398,200
postgres,4,/api/games/summary,11,15.024,200
postgres,4,/api/games/summary,12,14.921,200
postgres,4,/api/games/summary,13,13.724,200
postgres,4,/api/games/summary,14,15.764,200
postgres,4,/api/games/summary,15,14.418,200
postgres,4,/api/games/summary,16,14.874,200
postgres,4,/api/games/summary,17,15.869,200
postgres,4,/api/games/summary,18,15.559,200
postgres,4,/api/games/summary,19,15.665,200
postgres,4,/api/games/summary,20,15.173,200
postgres,4,/api/games/summary,21,15.181,200
postgres,4,/api/games/summary,22,16.181,200
postgres,4,/api/games/summary,23,15.836,200
postgres,4,/api/games/summary,25,12.748,200
postgres,4,/api/games/summary,24,13.969,200
postgres,4,/api/games/summary,27,13.243,200
postgres,4,/api/games/summary,26,15.388,200
postgres,4,/api/games/summary,29,13.781,200
postgres,4,/api/games/summary,28,14.592,200
postgres,4,/api/games/summary,31,12.61,200
postgres,4,/api/games/summary,30,13.89,200
postgres,16,/api/settings,1,15.926,200
postgres,16,/api/settings,4,15.481,200
postgres,16,/api/settings,15,13.301,200
postgres,16,/api/settings,2,16.237,200
postgres,16,/api/settings,7,31.311,200
postgres,16,/api/settings,10,34.198,200
postgres,16,/api/settings,12,50.467,200
postgres,16,/api/settings,14,50.445,200
postgres,16,/api/settings,11,51.19,200
postgres,16,/api/settings,9,57.294,200
postgres,16,/api/settings,13,62.828,200
postgres,16,/api/settings,0,74.09,200
postgres,16,/api/settings,5,82.253,200
postgres,16,/api/settings,3,86.493,200
postgres,16,/api/settings,8,85.619,200
postgres,16,/api/settings,6,86.113,200
postgres,16,/api/settings,17,69.506,200
postgres,16,/api/settings,16,76.02,200
postgres,16,/api/settings,18,79.76,200
postgres,16,/api/settings,20,67.59,200
postgres,16,/api/settings,24,45.826,200
postgres,16,/api/settings,19,85.088,200
postgres,16,/api/settings,21,68.194,200
postgres,16,/api/settings,22,52.926,200
postgres,16,/api/settings,25,46.774,200
postgres,16,/api/settings,26,46.803,200
postgres,16,/api/settings,23,59.834,200
postgres,16,/api/settings,27,41.54,200
postgres,16,/api/settings,28,45.413,200
postgres,16,/api/settings,29,43.522,200
postgres,16,/api/settings,30,42.684,200
postgres,16,/api/settings,31,42.469,200
postgres,16,/api/queue/today,5,1124.347,200
postgres,16,/api/queue/today,8,1124.653,200
postgres,16,/api/queue/today,2,1263.047,200
postgres,16,/api/queue/today,1,1264.667,200
postgres,16,/api/queue/today,7,1262.533,200
postgres,16,/api/queue/today,9,1262.022,200
postgres,16,/api/queue/today,10,1261.818,200
postgres,16,/api/queue/today,14,1261.759,200
postgres,16,/api/queue/today,15,1261.504,200
postgres,16,/api/queue/today,12,1262.785,200
postgres,16,/api/queue/today,11,1263.111,200
postgres,16,/api/queue/today,13,1262.651,200
postgres,16,/api/queue/today,3,1267.148,200
postgres,16,/api/queue/today,0,1269.356,200
postgres,16,/api/queue/today,6,1266.477,200
postgres,16,/api/queue/today,4,1267.197,200
postgres,16,/api/queue/today,16,869.508,200
postgres,16,/api/queue/today,19,805.351,200
postgres,16,/api/queue/today,27,802.924,200
postgres,16,/api/queue/today,21,886.922,200
postgres,16,/api/queue/today,20,887.239,200
postgres,16,/api/queue/today,18,888.669,200
postgres,16,/api/queue/today,17,889.214,200
postgres,16,/api/queue/today,22,887.138,200
postgres,16,/api/queue/today,23,887.512,200
postgres,16,/api/queue/today,25,924.391,200
postgres,16,/api/queue/today,24,924.961,200
postgres,16,/api/queue/today,29,959.928,200
postgres,16,/api/queue/today,26,962.137,200
postgres,16,/api/queue/today,30,960.107,200
postgres,16,/api/queue/today,31,960.015,200
postgres,16,/api/queue/today,28,961.231,200
postgres,16,/api/games/summary,6,37.96,200
postgres,16,/api/games/summary,4,38.498,200
postgres,16,/api/games/summary,3,46.408,200
postgres,16,/api/games/summary,1,49.598,200
postgres,16,/api/games/summary,5,48.829,200
postgres,16,/api/games/summary,2,51.23,200
postgres,16,/api/games/summary,15,48.669,200
postgres,16,/api/games/summary,7,57.03,200
postgres,16,/api/games/summary,14,65.36,200
postgres,16,/api/games/summary,12,65.867,200
postgres,16,/api/games/summary,9,66.573,200
postgres,16,/api/games/summary,13,65.83,200
postgres,16,/api/games/summary,0,68.933,200
postgres,16,/api/games/summary,11,74.498,200
postgres,16,/api/games/summary,10,79.313,200
postgres,16,/api/games/summary,8,84.379,200
postgres,16,/api/games/summary,17,52.401,200
postgres,16,/api/games/summary,16,53.319,200
postgres,16,/api/games/summary,20,43.443,200
postgres,16,/api/games/summary,22,39.512,200
postgres,16,/api/games/summary,18,48.085,200
postgres,16,/api/games/summary,21,45.256,200
postgres,16,/api/games/summary,23,40.648,200
postgres,16,/api/games/summary,19,49.133,200
postgres,16,/api/games/summary,27,33.765,200
postgres,16,/api/games/summary,24,35.367,200
postgres,16,/api/games/summary,26,34.458,200
postgres,16,/api/games/summary,28,34.083,200
postgres,16,/api/games/summary,25,36.684,200
postgres,16,/api/games/summary,29,29.735,200
postgres,16,/api/games/summary,30,25.889,200
postgres,16,/api/games/summary,31,24.168,200
