query,clients,sample,latency_ms,status
old,1,0,89.093,200
old,1,1,86.183,200
old,1,2,84.907,200
old,1,3,84.02,200
old,1,4,85.266,200
old,1,5,83.802,200
old,1,6,86.526,200
old,1,7,85.335,200
old,1,8,87.05,200
old,1,9,89.079,200
old,1,10,87.374,200
old,1,11,84.703,200
old,1,12,88.031,200
old,1,13,85.268,200
old,1,14,85.883,200
old,1,15,84.27,200
old,1,16,85.02,200
old,1,17,91.841,200
old,1,18,87.238,200
old,1,19,84.323,200
old,1,20,84.42,200
old,1,21,84.199,200
old,1,22,83.347,200
old,1,23,82.509,200
old,1,24,85.03,200
old,1,25,83.974,200
old,1,26,83.549,200
old,1,27,84.895,200
old,1,28,84.388,200
old,1,29,84.856,200
old,1,30,84.068,200
old,1,31,85.537,200
old,1,32,87.804,200
old,1,33,97.18,200
old,1,34,84.738,200
old,1,35,83.684,200
old,1,36,83.592,200
old,1,37,84.748,200
old,1,38,84.096,200
old,1,39,84.609,200
old,1,40,84.147,200
old,1,41,83.376,200
old,1,42,82.923,200
old,1,43,83.958,200
old,1,44,84.554,200
old,1,45,85.205,200
old,1,46,95.99,200
old,1,47,84.369,200
old,1,48,87.089,200
old,1,49,87.972,200
old,1,50,88.327,200
old,1,51,88.899,200
old,1,52,90.438,200
old,1,53,91.311,200
old,1,54,87.61,200
old,1,55,90.43,200
old,1,56,90.804,200
old,1,57,88.989,200
old,1,58,85.858,200
old,1,59,86.582,200
old,1,60,89.127,200
old,1,61,91.024,200
old,1,62,88.477,200
old,1,63,88.308,200
new,1,0,35.887,200
new,1,1,35.38,200
new,1,2,34.618,200
new,1,3,35.18,200
new,1,4,34.513,200
new,1,5,34.767,200
new,1,6,34.753,200
new,1,7,34.503,200
new,1,8,34.314,200
new,1,9,35.643,200
new,1,10,36.394,200
new,1,11,36.34,200
new,1,12,60.186,200
new,1,13,35.026,200
new,1,14,34.963,200
new,1,15,34.516,200
new,1,16,33.862,200
new,1,17,34.221,200
new,1,18,34.15,200
new,1,19,34.105,200
new,1,20,33.555,200
new,1,21,33.969,200
new,1,22,33.843,200
new,1,23,34.1,200
new,1,24,34.955,200
new,1,25,35.441,200
new,1,26,35.375,200
new,1,27,35.999,200
new,1,28,35.354,200
new,1,29,34.359,200
new,1,30,35.951,200
new,1,31,35.85,200
new,1,32,33.062,200
new,1,33,32.174,200
new,1,34,31.966,200
new,1,35,33.04,200
new,1,36,35.725,200
new,1,37,34.28,200
new,1,38,32.848,200
new,1,39,32.439,200
new,1,40,32.529,200
new,1,41,35.027,200
new,1,42,35.044,200
new,1,43,34.633,200
new,1,44,34.28,200
new,1,45,33.551,200
new,1,46,33.723,200
new,1,47,34.01,200
new,1,48,34.665,200
new,1,49,33.742,200
new,1,50,33.76,200
new,1,51,33.851,200
new,1,52,33.958,200
new,1,53,34.134,200
new,1,54,33.226,200
new,1,55,33.514,200
new,1,56,34.522,200
new,1,57,33.721,200
new,1,58,33.795,200
new,1,59,34.023,200
new,1,60,33.477,200
new,1,61,34.859,200
new,1,62,33.714,200
new,1,63,33.828,200
old,4,1,106.73,200
old,4,0,107.404,200
old,4,2,146.34,200
old,4,3,146.842,200
old,4,4,93.587,200
old,4,5,115.642,200
old,4,6,117.375,200
old,4,7,117.151,200
old,4,8,92.16,200
old,4,9,93.8,200
old,4,10,107.252,200
old,4,11,107.287,200
old,4,12,105.997,200
old,4,13,105.81,200
old,4,14,104.282,200
old,4,15,124.933,200
old,4,16,118.2,200
old,4,17,114.206,200
old,4,18,166.425,200
old,4,19,148.978,200
old,4,20,129.0,200
old,4,21,129.899,200
old,4,24,91.705,200
old,4,25,128.785,200
old,4,22,153.698,200
old,4,23,150.665,200
old,4,26,96.734,200
old,4,27,124.824,200
old,4,28,124.742,200
old,4,29,124.705,200
old,4,30,108.866,200
old,4,32,128.057,200
old,4,31,128.905,200
old,4,33,128.529,200
old,4,34,128.435,200
old,4,35,124.289,200
old,4,37,123.819,200
old,4,36,127.209,200
old,4,38,124.793,200
old,4,41,124.636,200
old,4,39,128.482,200
old,4,40,128.359,200
old,4,42,129.334,200
old,4,45,125.82,200
old,4,43,129.725,200
old,4,44,129.81,200
old,4,46,131.425,200
old,4,48,128.733,200
old,4,49,128.738,200
old,4,47,132.671,200
old,4,50,125.412,200
old,4,53,124.928,200
old,4,52,125.655,200
old,4,51,131.81,200
old,4,54,127.783,200
old,4,55,128.188,200
old,4,56,125.62,200
old,4,57,128.038,200
old,4,58,130.308,200
old,4,60,127.947,200
old,4,61,128.175,200
old,4,59,131.592,200
old,4,62,125.923,200
old,4,63,86.56,200
new,4,2,89.044,200
new,4,1,89.523,200
new,4,0,90.075,200
new,4,3,89.963,200
new,4,5,75.561,200
new,4,4,91.277,200
new,4,7,90.732,200
new,4,6,91.376,200
new,4,8,106.415,200
new,4,11,90.556,200
new,4,9,91.784,200
new,4,10,91.559,200
new,4,12,76.357,200
new,4,14,79.071,200
new,4,13,79.605,200
new,4,15,97.576,200
new,4,18,74.824,200
new,4,17,75.689,200
new,4,16,79.328,200
new,4,19,79.731,200
new,4,21,80.09,200
new,4,20,80.97,200
new,4,22,77.636,200
new,4,23,82.514,200
new,4,24,82.196,200
new,4,26,81.87,200
new,4,25,85.145,200
new,4,27,79.384,200
new,4,29,76.998,200
new,4,28,80.409,200
new,4,30,79.905,200
new,4,31,85.756,200
new,4,34,82.116,200
new,4,32,85.891,200
new,4,33,85.77,200
new,4,35,88.863,200
new,4,37,88.613,200
new,4,36,89.431,200
new,4,38,89.114,200
new,4,39,82.783,200
new,4,41,79.829,200
new,4,42,79.934,200
new,4,40,83.829,200
new,4,43,83.337,200
new,4,44,90.002,200
new,4,45,90.01,200
new,4,46,92.491,200
new,4,47,95.481,200
new,4,49,88.163,200
new,4,48,89.029,200
new,4,50,86.011,200
new,4,51,86.582,200
new,4,54,85.565,200
new,4,52,86.811,200
new,4,53,86.674,200
new,4,55,83.848,200
new,4,57,83.774,200
new,4,56,84.527,200
new,4,58,86.677,200
new,4,59,83.55,200
new,4,61,80.969,200
new,4,60,84.084,200
new,4,62,80.886,200
new,4,63,82.116,200
old,16,3,108.87,200
old,16,0,160.759,200
old,16,4,217.678,200
old,16,2,222.043,200
old,16,1,240.194,200
old,16,8,244.073,200
old,16,5,293.584,200
old,16,7,316.34,200
old,16,6,317.622,200
old,16,9,345.059,200
old,16,10,420.92,200
old,16,11,424.487,200
old,16,12,425.443,200
old,16,13,512.159,200
old,16,15,519.773,200
old,16,14,521.636,200
old,16,16,414.118,200
old,16,17,414.89,200
old,16,18,385.731,200
old,16,20,400.315,200
old,16,19,415.41,200
old,16,22,414.337,200
old,16,21,464.848,200
old,16,24,423.653,200
old,16,23,444.551,200
old,16,25,483.092,200
old,16,26,438.218,200
old,16,27,437.964,200
old,16,28,432.948,200
old,16,29,354.571,200
old,16,32,415.714,200
old,16,31,470.943,200
old,16,30,508.942,200
old,16,35,393.098,200
old,16,33,460.487,200
old,16,34,412.457,200
old,16,37,370.708,200
old,16,36,476.986,200
old,16,40,368.433,200
old,16,38,375.068,200
old,16,39,447.027,200
old,16,41,365.004,200
old,16,43,345.899,200
old,16,42,375.154,200
old,16,44,411.171,200
old,16,45,433.792,200
old,16,47,355.337,200
old,16,49,338.616,200
old,16,46,433.306,200
old,16,48,414.499,200
old,16,50,408.036,200
old,16,51,407.495,200
old,16,53,353.566,200
old,16,52,355.286,200
old,16,55,428.242,200
old,16,54,429.085,200
old,16,56,364.686,200
old,16,57,423.455,200
old,16,58,422.965,200
old,16,59,413.887,200
old,16,60,352.517,200
old,16,61,406.577,200
old,16,62,358.12,200
old,16,63,334.74,200
new,16,1,67.141,200
new,16,4,67.698,200
new,16,10,120.529,200
new,16,15,186.63,200
new,16,11,191.597,200
new,16,7,191.973,200
new,16,9,212.066,200
new,16,2,213.471,200
new,16,0,237.479,200
new,16,14,268.241,200
new,16,5,292.906,200
new,16,6,292.881,200
new,16,3,294.285,200
new,16,8,370.399,200
new,16,13,389.516,200
new,16,12,393.977,200
new,16,17,327.058,200
new,16,16,332.859,200
new,16,18,325.631,200
new,16,19,310.529,200
new,16,20,290.409,200
new,16,21,323.299,200
new,16,22,326.373,200
new,16,24,324.125,200
new,16,23,344.961,200
new,16,25,348.731,200
new,16,26,351.949,200
new,16,27,352.376,200
new,16,28,348.941,200
new,16,30,311.809,200
new,16,29,350.093,200
new,16,31,345.409,200
new,16,32,345.096,200
new,16,33,346.954,200
new,16,35,250.405,200
new,16,34,360.279,200
new,16,36,337.937,200
new,16,37,307.07,200
new,16,38,318.263,200
new,16,39,331.279,200
new,16,40,363.429,200
new,16,41,291.576,200
new,16,42,287.599,200
new,16,43,267.51,200
new,16,47,250.336,200
new,16,46,273.629,200
new,16,45,308.778,200
new,16,44,376.461,200
new,16,48,378.817,200
new,16,49,372.666,200
new,16,51,314.194,200
new,16,53,312.968,200
new,16,50,409.941,200
new,16,55,267.53,200
new,16,54,301.942,200
new,16,52,379.087,200
new,16,57,301.025,200
new,16,59,299.534,200
new,16,56,305.098,200
new,16,61,318.332,200
new,16,62,301.143,200
new,16,58,380.41,200
new,16,60,334.808,200
new,16,63,285.348,200
